enzyme_name,enzyme_cuts,cut_from_5'
AclI,AACGTT,2
HindIII,AAGCTT,1
HindIII-HF,AAGCTT,1
SspI,AATATT,3
SspI-HF,AATATT,3
MluCI,AATT,0
PciI,ACATGT,1
AgeI,ACCGGT,1
AgeI-HF,ACCGGT,1
SexAI,ACCWGGT,1
MluI,ACGCGT,1
MluI-HF,ACGCGT,1
HpyCH4IV,ACGT,1
HpyCH4III,ACNGT,3
AflIII,ACRYGT,1
SpeI,ACTAGT,1
SpeI-HF,ACTAGT,1
BglII,AGATCT,1
AfeI,AGCGCT,3
AluI,AGCT,2
StuI,AGGCCT,3
ScaI-HF,AGTACT,3
ClaI,ATCGAT,2
BspDI,ATCGAT,2
NsiI,ATGCAT,5
NsiI-HF,ATGCAT,5
AseI,ATTAAT,2
SwaI,ATTTAAAT,4
MfeI,CAATTG,1
MfeI-HF,CAATTG,1
Nb.BssSI,CACGAG,14
PmlI,CACGTG,3
DraIII-HF,CACNNNGTG,6
AleI-v2,CACNNNNGTG,5
PvuII,CAGCTG,3
PvuII-HF,CAGCTG,3
AlwNI,CAGNNNCTG,6
NdeI,CATATG,2
FatI,CATG,0
CviAII,CATG,1
NlaIII,CATG,4
MslI,CAYNNNNRTG,5
XcmI,CCANNNNNNNNNTGG,8
BstXI,CCANNNNNNTGG,8
PflMI,CCANNNNNTGG,7
NcoI,CCATGG,1
NcoI-HF,CCATGG,1
XmaI,CCCGGG,1
TspMI,CCCGGG,1
SmaI,CCCGGG,3
SacII,CCGCGG,4
MspI,CCGG,1
HpaII,CCGG,1
StyD4I,CCNGG,0
ScrFI,CCNGG,2
BsaJI,CCNNGG,1
BslI,CCNNNNNNNGG,7
BtgI,CCRYGG,1
NciI,CCSGG,2
AvrII,CCTAGG,1
Nb.BbvCI,CCTCAGC,15
SbfI,CCTGCAGG,6
SbfI-HF,CCTGCAGG,6
Bsu36I,CCTNAGG,2
EcoNI,CCTNNNNNAGG,5
PspGI,CCWGG,0
BstNI,CCWGG,2
StyI-HF,CCWWGG,1
PvuI,CGATCG,4
PvuI-HF,CGATCG,4
BstUI,CGCG,2
EagI,CGGCCG,1
EagI-HF,CGGCCG,1
RsrII,CGGWCCG,2
BsiEI,CGRYCG,4
BsiWI,CGTACG,1
BsiWI-HF,CGTACG,1
BsmBI-v2,CGTCTC,14
Hpy99I,CGWCG,5
MspA1I,CMGCKG,3
AbaSI,CNNNNNNNNNNNNNNNNNNNNG,12
SgrAI,CRCCGGYG,2
BfaI,CTAG,1
XhoI,CTCGAG,1
PaeR7I,CTCGAG,1
PstI,CTGCAG,5
PstI-HF,CTGCAG,5
DdeI,CTNAG,1
SfcI,CTRYAG,1
AflII,CTTAAG,1
SmlI,CTYRAG,1
AvaI,CYCGRG,1
BsoBI,CYCGRG,1
XmnI,GAANNNNTTC,5
Nb.BsmI,GAATGC,13
EcoRI,GAATTC,1
EcoRI-HF,GAATTC,1
ZraI,GACGTC,3
AatII,GACGTC,5
Tth111I,GACNNNGTC,4
PflFI,GACNNNGTC,4
PshAI,GACNNNNGTC,5
AhdI,GACNNNNNGTC,6
DrdI,GACNNNNNNGTC,7
SacI,GAGCTC,5
SacI-HF,GAGCTC,5
Eco53kI,GAGCTC,3
HinfI,GANTC,1
EcoRV,GATATC,3
EcoRV-HF,GATATC,3
DpnI,GATC,2
MboI Sau3AI,GATC,0
DpnII,GATC,0
BsaBI,GATNNNNATC,5
TfiI,GAWTC,1
Nb.BsrDI,GCAATG,14
Nb.BtsI,GCAGTG,13
BstAPI,GCANNNNNTGC,7
SphI,GCATGC,5
SphI-HF,GCATGC,5
SrfI,GCCCGGGC,4
NgoMIV,GCCGGC,1
NaeI,GCCGGC,3
BglI,GCCNNNNNGGC,7
AsiSI,GCGATCGC,5
HhaI,GCGC,3
HinP1I,GCGC,1
BssHII,GCGCGC,1
NotI,GCGGCCGC,2
NotI-HF,GCGGCCGC,2
Fnu4HI,GCNGC,2
Cac8I,GCNNGC,3
MwoI,GCNNNNNNNGC,7
BmtI,GCTAGC,5
BmtI-HF,GCTAGC,5
NheI,GCTAGC,1
NheI-HF,GCTAGC,1
BlpI,GCTNAGC,2
TseI,GCWGC,1
ApeKI,GCWGC,1
Bsp1286I,GDGCHC,5
BamHI,GGATCC,1
BamHI-HF,GGATCC,1
HaeIII,GGCC,2
FseI,GGCCGGCC,6
SfiI,GGCCNNNNNGGCC,8
KasI,GGCGCC,1
PluTI,GGCGCC,5
NarI,GGCGCC,2
SfoI,GGCGCC,3
AscI,GGCGCGCC,2
ApaI,GGGCCC,5
PspOMI,GGGCCC,1
Sau96I,GGNCC,1
NlaIV,GGNNCC,3
Acc65I,GGTACC,1
KpnI,GGTACC,5
KpnI-HF,GGTACC,5
BstEII,GGTNACC,1
BstEII-HF,GGTNACC,1
AvaII,GGWCC,1
BanI,GGYRCC,1
BaeGI,GKGCMC,5
BsaHI,GRCGYC,2
BanII,GRGCYC,5
RsaI,GTAC,2
CviQI,GTAC,1
BstZ17I-HF,GTATAC,16
SalI,GTCGAC,1
SalI-HF,GTCGAC,1
ApaLI,GTGCAC,1
AccI,GTMKAC,2
Hpy166II,GTNNAC,3
Tsp45I,GTSAC,0
HpaI,GTTAAC,3
PmeI,GTTTAAAC,4
HincII,GTYRAC,3
BsiHKAI,GWGCWC,5
TspRI,NNCASTGNN,9
ApoI,RAATTY,1
ApoI-HF,RAATTY,1
NspI,RCATGY,5
BsrFI-v2,RCCGGY,1
BstYI,RGATCY,1
HaeII,RGCGCY,5
CviKI-1,RGCY,2
EcoO109I,RGGNCCY,2
PpuMI,RGGWCCY,2
SnaBI,TACGTA,3
BspHI,TCATGA,1
BspEI,TCCGGA,1
TaqI-v2,TCGA,1
NruI,TCGCGA,3
NruI-HF,TCGCGA,3
Hpy188I,TCNGA,3
Hpy188III,TCNNGA,2
XbaI,TCTAGA,1
BclI,TGATCA,1
BclI-HF,TGATCA,1
HpyCH4V,TGCA,2
FspI,TGCGCA,3
MscI,TGGCCA,3
BsrGI,TGTACA,1
BsrGI-HF,TGTACA,1
MseI,TTAA,1
PacI,TTAATTAA,5
PsiI-v2,TTATAA,3
BstBI,TTCGAA,2
DraI,TTTAAA,3
PspXI,VCTCGAGB,2
BsaWI,WCCGGW,1
BsaAI,YACGTR,3
EaeI,YGGCCR,1